<?xml version="1.0" encoding="UTF-8"?>
<project-private xmlns="http://www.netbeans.org/ns/project-private/1">
    <editor-bookmarks xmlns="http://www.netbeans.org/ns/editor-bookmarks/2" lastBookmarkId="0"/>
    <open-files xmlns="http://www.netbeans.org/ns/projectui-open-files/2">
        <group>
            <file>file:/C:/Users/ce/Documents/NetBeansProjects/Estudiantee/src/estudiantee/PrincipalCuadrado.java</file>
            <file>file:/C:/Users/ce/Documents/NetBeansProjects/Estudiantee/src/estudiantee/Principaal.java</file>
            <file>file:/C:/Users/ce/Documents/NetBeansProjects/Estudiantee/src/estudiantee/Cuadrado.java</file>
            <file>file:/C:/Users/ce/Documents/NetBeansProjects/Estudiantee/src/estudiantee/Estudiantee.java</file>
        </group>
    </open-files>
</project-private>
